Built,n,prop
4.1.0,243,0.6982758620689655
4.1.2,104,0.2988505747126437
4.1.3,1,0.0028735632183908046
